Type,URL,Author,RepoName,RepoLanguage,Number,Title,Body,MergedAt,UpdatedAt,State,Additions,Deletions,ChangedFiles,CommitsTotalCount,CSharing_URL,CSharing_Status,CSharing_DateOfConversation,CSharing_Title,CSharing_NumberOfPrompts,CSharing_TokensOfPrompts,CSharing_TokensOfAnswers,Conversation_Prompt,Conversation_Answer,Detected Patterns,Effectiveness_Score,Detected_Patterns
pull request,https://github.com/IararIV/karaok.ai/pull/1,IararIV,IararIV/karaok.ai,,1,"initial interface, incorrect credentials if we want to add to queue","already gets top k matches for tracks
to add to queue change credentials
see: https://chat.openai.com/share/d0ce9b4e-2063-439f-a7ba-cb754b263026",2023-07-16T12:34:50Z,2023-07-16T12:34:51Z,MERGED,840,0,35,1,https://chat.openai.com/share/d0ce9b4e-2063-439f-a7ba-cb754b263026,200,"July 16, 2023",Spotify Auth Flows,2,38,683,What is the difference between SpotifyClientCredentials vs SpotifyOAuth,"In the context of the Spotify API, SpotifyClientCredentials and SpotifyOAuth are two different authorization flows used to authenticate and authorize access to Spotify's resources.SpotifyClientCredentials:
SpotifyClientCredentials is a simple and straightforward authorization flow suitable for server-to-server authentication. It relies on client credentials, which consist of a client ID and a client secret. With this flow, you authenticate your application as a whole rather than authenticating individual users. The client ID and secret are obtained by registering your application with the Spotify Developer Dashboard. Once authenticated, your application can access public resources on Spotify, such as retrieving playlists or albums.However, with SpotifyClientCredentials, you don't have access to user-specific resources or actions, like modifying playlists or accessing a user's playback state. This flow is primarily used for applications that don't require individual user permissions and operate on public data.SpotifyOAuth:
SpotifyOAuth is an authorization flow that allows individual users to grant your application permission to access their Spotify account and perform actions on their behalf. It's commonly used for applications that require user-specific functionalities, such as creating playlists, modifying a user's library, or accessing a user's playback information.The SpotifyOAuth flow involves a user authentication step where the user is redirected to the Spotify Accounts service to grant your application permission. Once the user grants access, your application receives an access token that can be used to make authorized API requests on behalf of the user. This access token is typically short-lived and needs to be refreshed periodically using a refresh token.The SpotifyOAuth flow provides a more comprehensive and flexible authorization mechanism as it allows your application to interact with user-specific resources and actions.In summary, SpotifyClientCredentials is used for server-to-server authentication, granting access to public resources, while SpotifyOAuth is used for user-specific authentication, enabling access to user-specific resources and actions. The choice between the two depends on the requirements of your application and the level of access you need to Spotify's resources.","Output Automator Pattern, Output Automator Pattern, Question Pattern, Output Automator Pattern, Output Automator Pattern, Template Pattern, Output Automator Pattern, Persona Pattern, Recipe Pattern, Output Automator Pattern, Simple Instruction Pattern, Question Pattern",163.7618286099865,Output Automator Pattern
pull request,https://github.com/IararIV/karaok.ai/pull/1,IararIV,IararIV/karaok.ai,,1,"initial interface, incorrect credentials if we want to add to queue","already gets top k matches for tracks
to add to queue change credentials
see: https://chat.openai.com/share/d0ce9b4e-2063-439f-a7ba-cb754b263026",2023-07-16T12:34:50Z,2023-07-16T12:34:51Z,MERGED,840,0,35,1,https://chat.openai.com/share/d0ce9b4e-2063-439f-a7ba-cb754b263026,200,"July 16, 2023",Spotify Auth Flows,2,38,683,What is the difference between SpotifyClientCredentials vs SpotifyOAuth,"In the context of the Spotify API, SpotifyClientCredentials and SpotifyOAuth are two different authorization flows used to authenticate and authorize access to Spotify's resources.SpotifyClientCredentials:
SpotifyClientCredentials is a simple and straightforward authorization flow suitable for server-to-server authentication. It relies on client credentials, which consist of a client ID and a client secret. With this flow, you authenticate your application as a whole rather than authenticating individual users. The client ID and secret are obtained by registering your application with the Spotify Developer Dashboard. Once authenticated, your application can access public resources on Spotify, such as retrieving playlists or albums.However, with SpotifyClientCredentials, you don't have access to user-specific resources or actions, like modifying playlists or accessing a user's playback state. This flow is primarily used for applications that don't require individual user permissions and operate on public data.SpotifyOAuth:
SpotifyOAuth is an authorization flow that allows individual users to grant your application permission to access their Spotify account and perform actions on their behalf. It's commonly used for applications that require user-specific functionalities, such as creating playlists, modifying a user's library, or accessing a user's playback information.The SpotifyOAuth flow involves a user authentication step where the user is redirected to the Spotify Accounts service to grant your application permission. Once the user grants access, your application receives an access token that can be used to make authorized API requests on behalf of the user. This access token is typically short-lived and needs to be refreshed periodically using a refresh token.The SpotifyOAuth flow provides a more comprehensive and flexible authorization mechanism as it allows your application to interact with user-specific resources and actions.In summary, SpotifyClientCredentials is used for server-to-server authentication, granting access to public resources, while SpotifyOAuth is used for user-specific authentication, enabling access to user-specific resources and actions. The choice between the two depends on the requirements of your application and the level of access you need to Spotify's resources.","Output Automator Pattern, Output Automator Pattern, Question Pattern, Output Automator Pattern, Output Automator Pattern, Template Pattern, Output Automator Pattern, Persona Pattern, Recipe Pattern, Output Automator Pattern, Simple Instruction Pattern, Question Pattern",163.7618286099865,Output Automator Pattern
pull request,https://github.com/IararIV/karaok.ai/pull/1,IararIV,IararIV/karaok.ai,,1,"initial interface, incorrect credentials if we want to add to queue","already gets top k matches for tracks
to add to queue change credentials
see: https://chat.openai.com/share/d0ce9b4e-2063-439f-a7ba-cb754b263026",2023-07-16T12:34:50Z,2023-07-16T12:34:51Z,MERGED,840,0,35,1,https://chat.openai.com/share/d0ce9b4e-2063-439f-a7ba-cb754b263026,200,"July 16, 2023",Spotify Auth Flows,2,38,683,What is the difference between SpotifyClientCredentials vs SpotifyOAuth,"In the context of the Spotify API, SpotifyClientCredentials and SpotifyOAuth are two different authorization flows used to authenticate and authorize access to Spotify's resources.SpotifyClientCredentials:
SpotifyClientCredentials is a simple and straightforward authorization flow suitable for server-to-server authentication. It relies on client credentials, which consist of a client ID and a client secret. With this flow, you authenticate your application as a whole rather than authenticating individual users. The client ID and secret are obtained by registering your application with the Spotify Developer Dashboard. Once authenticated, your application can access public resources on Spotify, such as retrieving playlists or albums.However, with SpotifyClientCredentials, you don't have access to user-specific resources or actions, like modifying playlists or accessing a user's playback state. This flow is primarily used for applications that don't require individual user permissions and operate on public data.SpotifyOAuth:
SpotifyOAuth is an authorization flow that allows individual users to grant your application permission to access their Spotify account and perform actions on their behalf. It's commonly used for applications that require user-specific functionalities, such as creating playlists, modifying a user's library, or accessing a user's playback information.The SpotifyOAuth flow involves a user authentication step where the user is redirected to the Spotify Accounts service to grant your application permission. Once the user grants access, your application receives an access token that can be used to make authorized API requests on behalf of the user. This access token is typically short-lived and needs to be refreshed periodically using a refresh token.The SpotifyOAuth flow provides a more comprehensive and flexible authorization mechanism as it allows your application to interact with user-specific resources and actions.In summary, SpotifyClientCredentials is used for server-to-server authentication, granting access to public resources, while SpotifyOAuth is used for user-specific authentication, enabling access to user-specific resources and actions. The choice between the two depends on the requirements of your application and the level of access you need to Spotify's resources.","Output Automator Pattern, Output Automator Pattern, Question Pattern, Output Automator Pattern, Output Automator Pattern, Template Pattern, Output Automator Pattern, Persona Pattern, Recipe Pattern, Output Automator Pattern, Simple Instruction Pattern, Question Pattern",163.7618286099865,Question Pattern
pull request,https://github.com/IararIV/karaok.ai/pull/1,IararIV,IararIV/karaok.ai,,1,"initial interface, incorrect credentials if we want to add to queue","already gets top k matches for tracks
to add to queue change credentials
see: https://chat.openai.com/share/d0ce9b4e-2063-439f-a7ba-cb754b263026",2023-07-16T12:34:50Z,2023-07-16T12:34:51Z,MERGED,840,0,35,1,https://chat.openai.com/share/d0ce9b4e-2063-439f-a7ba-cb754b263026,200,"July 16, 2023",Spotify Auth Flows,2,38,683,What is the difference between SpotifyClientCredentials vs SpotifyOAuth,"In the context of the Spotify API, SpotifyClientCredentials and SpotifyOAuth are two different authorization flows used to authenticate and authorize access to Spotify's resources.SpotifyClientCredentials:
SpotifyClientCredentials is a simple and straightforward authorization flow suitable for server-to-server authentication. It relies on client credentials, which consist of a client ID and a client secret. With this flow, you authenticate your application as a whole rather than authenticating individual users. The client ID and secret are obtained by registering your application with the Spotify Developer Dashboard. Once authenticated, your application can access public resources on Spotify, such as retrieving playlists or albums.However, with SpotifyClientCredentials, you don't have access to user-specific resources or actions, like modifying playlists or accessing a user's playback state. This flow is primarily used for applications that don't require individual user permissions and operate on public data.SpotifyOAuth:
SpotifyOAuth is an authorization flow that allows individual users to grant your application permission to access their Spotify account and perform actions on their behalf. It's commonly used for applications that require user-specific functionalities, such as creating playlists, modifying a user's library, or accessing a user's playback information.The SpotifyOAuth flow involves a user authentication step where the user is redirected to the Spotify Accounts service to grant your application permission. Once the user grants access, your application receives an access token that can be used to make authorized API requests on behalf of the user. This access token is typically short-lived and needs to be refreshed periodically using a refresh token.The SpotifyOAuth flow provides a more comprehensive and flexible authorization mechanism as it allows your application to interact with user-specific resources and actions.In summary, SpotifyClientCredentials is used for server-to-server authentication, granting access to public resources, while SpotifyOAuth is used for user-specific authentication, enabling access to user-specific resources and actions. The choice between the two depends on the requirements of your application and the level of access you need to Spotify's resources.","Output Automator Pattern, Output Automator Pattern, Question Pattern, Output Automator Pattern, Output Automator Pattern, Template Pattern, Output Automator Pattern, Persona Pattern, Recipe Pattern, Output Automator Pattern, Simple Instruction Pattern, Question Pattern",163.7618286099865,Output Automator Pattern
pull request,https://github.com/IararIV/karaok.ai/pull/1,IararIV,IararIV/karaok.ai,,1,"initial interface, incorrect credentials if we want to add to queue","already gets top k matches for tracks
to add to queue change credentials
see: https://chat.openai.com/share/d0ce9b4e-2063-439f-a7ba-cb754b263026",2023-07-16T12:34:50Z,2023-07-16T12:34:51Z,MERGED,840,0,35,1,https://chat.openai.com/share/d0ce9b4e-2063-439f-a7ba-cb754b263026,200,"July 16, 2023",Spotify Auth Flows,2,38,683,What is the difference between SpotifyClientCredentials vs SpotifyOAuth,"In the context of the Spotify API, SpotifyClientCredentials and SpotifyOAuth are two different authorization flows used to authenticate and authorize access to Spotify's resources.SpotifyClientCredentials:
SpotifyClientCredentials is a simple and straightforward authorization flow suitable for server-to-server authentication. It relies on client credentials, which consist of a client ID and a client secret. With this flow, you authenticate your application as a whole rather than authenticating individual users. The client ID and secret are obtained by registering your application with the Spotify Developer Dashboard. Once authenticated, your application can access public resources on Spotify, such as retrieving playlists or albums.However, with SpotifyClientCredentials, you don't have access to user-specific resources or actions, like modifying playlists or accessing a user's playback state. This flow is primarily used for applications that don't require individual user permissions and operate on public data.SpotifyOAuth:
SpotifyOAuth is an authorization flow that allows individual users to grant your application permission to access their Spotify account and perform actions on their behalf. It's commonly used for applications that require user-specific functionalities, such as creating playlists, modifying a user's library, or accessing a user's playback information.The SpotifyOAuth flow involves a user authentication step where the user is redirected to the Spotify Accounts service to grant your application permission. Once the user grants access, your application receives an access token that can be used to make authorized API requests on behalf of the user. This access token is typically short-lived and needs to be refreshed periodically using a refresh token.The SpotifyOAuth flow provides a more comprehensive and flexible authorization mechanism as it allows your application to interact with user-specific resources and actions.In summary, SpotifyClientCredentials is used for server-to-server authentication, granting access to public resources, while SpotifyOAuth is used for user-specific authentication, enabling access to user-specific resources and actions. The choice between the two depends on the requirements of your application and the level of access you need to Spotify's resources.","Output Automator Pattern, Output Automator Pattern, Question Pattern, Output Automator Pattern, Output Automator Pattern, Template Pattern, Output Automator Pattern, Persona Pattern, Recipe Pattern, Output Automator Pattern, Simple Instruction Pattern, Question Pattern",163.7618286099865,Output Automator Pattern
pull request,https://github.com/IararIV/karaok.ai/pull/1,IararIV,IararIV/karaok.ai,,1,"initial interface, incorrect credentials if we want to add to queue","already gets top k matches for tracks
to add to queue change credentials
see: https://chat.openai.com/share/d0ce9b4e-2063-439f-a7ba-cb754b263026",2023-07-16T12:34:50Z,2023-07-16T12:34:51Z,MERGED,840,0,35,1,https://chat.openai.com/share/d0ce9b4e-2063-439f-a7ba-cb754b263026,200,"July 16, 2023",Spotify Auth Flows,2,38,683,What is the difference between SpotifyClientCredentials vs SpotifyOAuth,"In the context of the Spotify API, SpotifyClientCredentials and SpotifyOAuth are two different authorization flows used to authenticate and authorize access to Spotify's resources.SpotifyClientCredentials:
SpotifyClientCredentials is a simple and straightforward authorization flow suitable for server-to-server authentication. It relies on client credentials, which consist of a client ID and a client secret. With this flow, you authenticate your application as a whole rather than authenticating individual users. The client ID and secret are obtained by registering your application with the Spotify Developer Dashboard. Once authenticated, your application can access public resources on Spotify, such as retrieving playlists or albums.However, with SpotifyClientCredentials, you don't have access to user-specific resources or actions, like modifying playlists or accessing a user's playback state. This flow is primarily used for applications that don't require individual user permissions and operate on public data.SpotifyOAuth:
SpotifyOAuth is an authorization flow that allows individual users to grant your application permission to access their Spotify account and perform actions on their behalf. It's commonly used for applications that require user-specific functionalities, such as creating playlists, modifying a user's library, or accessing a user's playback information.The SpotifyOAuth flow involves a user authentication step where the user is redirected to the Spotify Accounts service to grant your application permission. Once the user grants access, your application receives an access token that can be used to make authorized API requests on behalf of the user. This access token is typically short-lived and needs to be refreshed periodically using a refresh token.The SpotifyOAuth flow provides a more comprehensive and flexible authorization mechanism as it allows your application to interact with user-specific resources and actions.In summary, SpotifyClientCredentials is used for server-to-server authentication, granting access to public resources, while SpotifyOAuth is used for user-specific authentication, enabling access to user-specific resources and actions. The choice between the two depends on the requirements of your application and the level of access you need to Spotify's resources.","Output Automator Pattern, Output Automator Pattern, Question Pattern, Output Automator Pattern, Output Automator Pattern, Template Pattern, Output Automator Pattern, Persona Pattern, Recipe Pattern, Output Automator Pattern, Simple Instruction Pattern, Question Pattern",163.7618286099865,Template Pattern
pull request,https://github.com/IararIV/karaok.ai/pull/1,IararIV,IararIV/karaok.ai,,1,"initial interface, incorrect credentials if we want to add to queue","already gets top k matches for tracks
to add to queue change credentials
see: https://chat.openai.com/share/d0ce9b4e-2063-439f-a7ba-cb754b263026",2023-07-16T12:34:50Z,2023-07-16T12:34:51Z,MERGED,840,0,35,1,https://chat.openai.com/share/d0ce9b4e-2063-439f-a7ba-cb754b263026,200,"July 16, 2023",Spotify Auth Flows,2,38,683,What is the difference between SpotifyClientCredentials vs SpotifyOAuth,"In the context of the Spotify API, SpotifyClientCredentials and SpotifyOAuth are two different authorization flows used to authenticate and authorize access to Spotify's resources.SpotifyClientCredentials:
SpotifyClientCredentials is a simple and straightforward authorization flow suitable for server-to-server authentication. It relies on client credentials, which consist of a client ID and a client secret. With this flow, you authenticate your application as a whole rather than authenticating individual users. The client ID and secret are obtained by registering your application with the Spotify Developer Dashboard. Once authenticated, your application can access public resources on Spotify, such as retrieving playlists or albums.However, with SpotifyClientCredentials, you don't have access to user-specific resources or actions, like modifying playlists or accessing a user's playback state. This flow is primarily used for applications that don't require individual user permissions and operate on public data.SpotifyOAuth:
SpotifyOAuth is an authorization flow that allows individual users to grant your application permission to access their Spotify account and perform actions on their behalf. It's commonly used for applications that require user-specific functionalities, such as creating playlists, modifying a user's library, or accessing a user's playback information.The SpotifyOAuth flow involves a user authentication step where the user is redirected to the Spotify Accounts service to grant your application permission. Once the user grants access, your application receives an access token that can be used to make authorized API requests on behalf of the user. This access token is typically short-lived and needs to be refreshed periodically using a refresh token.The SpotifyOAuth flow provides a more comprehensive and flexible authorization mechanism as it allows your application to interact with user-specific resources and actions.In summary, SpotifyClientCredentials is used for server-to-server authentication, granting access to public resources, while SpotifyOAuth is used for user-specific authentication, enabling access to user-specific resources and actions. The choice between the two depends on the requirements of your application and the level of access you need to Spotify's resources.","Output Automator Pattern, Output Automator Pattern, Question Pattern, Output Automator Pattern, Output Automator Pattern, Template Pattern, Output Automator Pattern, Persona Pattern, Recipe Pattern, Output Automator Pattern, Simple Instruction Pattern, Question Pattern",163.7618286099865,Output Automator Pattern
pull request,https://github.com/IararIV/karaok.ai/pull/1,IararIV,IararIV/karaok.ai,,1,"initial interface, incorrect credentials if we want to add to queue","already gets top k matches for tracks
to add to queue change credentials
see: https://chat.openai.com/share/d0ce9b4e-2063-439f-a7ba-cb754b263026",2023-07-16T12:34:50Z,2023-07-16T12:34:51Z,MERGED,840,0,35,1,https://chat.openai.com/share/d0ce9b4e-2063-439f-a7ba-cb754b263026,200,"July 16, 2023",Spotify Auth Flows,2,38,683,What is the difference between SpotifyClientCredentials vs SpotifyOAuth,"In the context of the Spotify API, SpotifyClientCredentials and SpotifyOAuth are two different authorization flows used to authenticate and authorize access to Spotify's resources.SpotifyClientCredentials:
SpotifyClientCredentials is a simple and straightforward authorization flow suitable for server-to-server authentication. It relies on client credentials, which consist of a client ID and a client secret. With this flow, you authenticate your application as a whole rather than authenticating individual users. The client ID and secret are obtained by registering your application with the Spotify Developer Dashboard. Once authenticated, your application can access public resources on Spotify, such as retrieving playlists or albums.However, with SpotifyClientCredentials, you don't have access to user-specific resources or actions, like modifying playlists or accessing a user's playback state. This flow is primarily used for applications that don't require individual user permissions and operate on public data.SpotifyOAuth:
SpotifyOAuth is an authorization flow that allows individual users to grant your application permission to access their Spotify account and perform actions on their behalf. It's commonly used for applications that require user-specific functionalities, such as creating playlists, modifying a user's library, or accessing a user's playback information.The SpotifyOAuth flow involves a user authentication step where the user is redirected to the Spotify Accounts service to grant your application permission. Once the user grants access, your application receives an access token that can be used to make authorized API requests on behalf of the user. This access token is typically short-lived and needs to be refreshed periodically using a refresh token.The SpotifyOAuth flow provides a more comprehensive and flexible authorization mechanism as it allows your application to interact with user-specific resources and actions.In summary, SpotifyClientCredentials is used for server-to-server authentication, granting access to public resources, while SpotifyOAuth is used for user-specific authentication, enabling access to user-specific resources and actions. The choice between the two depends on the requirements of your application and the level of access you need to Spotify's resources.","Output Automator Pattern, Output Automator Pattern, Question Pattern, Output Automator Pattern, Output Automator Pattern, Template Pattern, Output Automator Pattern, Persona Pattern, Recipe Pattern, Output Automator Pattern, Simple Instruction Pattern, Question Pattern",163.7618286099865,Persona Pattern
pull request,https://github.com/IararIV/karaok.ai/pull/1,IararIV,IararIV/karaok.ai,,1,"initial interface, incorrect credentials if we want to add to queue","already gets top k matches for tracks
to add to queue change credentials
see: https://chat.openai.com/share/d0ce9b4e-2063-439f-a7ba-cb754b263026",2023-07-16T12:34:50Z,2023-07-16T12:34:51Z,MERGED,840,0,35,1,https://chat.openai.com/share/d0ce9b4e-2063-439f-a7ba-cb754b263026,200,"July 16, 2023",Spotify Auth Flows,2,38,683,What is the difference between SpotifyClientCredentials vs SpotifyOAuth,"In the context of the Spotify API, SpotifyClientCredentials and SpotifyOAuth are two different authorization flows used to authenticate and authorize access to Spotify's resources.SpotifyClientCredentials:
SpotifyClientCredentials is a simple and straightforward authorization flow suitable for server-to-server authentication. It relies on client credentials, which consist of a client ID and a client secret. With this flow, you authenticate your application as a whole rather than authenticating individual users. The client ID and secret are obtained by registering your application with the Spotify Developer Dashboard. Once authenticated, your application can access public resources on Spotify, such as retrieving playlists or albums.However, with SpotifyClientCredentials, you don't have access to user-specific resources or actions, like modifying playlists or accessing a user's playback state. This flow is primarily used for applications that don't require individual user permissions and operate on public data.SpotifyOAuth:
SpotifyOAuth is an authorization flow that allows individual users to grant your application permission to access their Spotify account and perform actions on their behalf. It's commonly used for applications that require user-specific functionalities, such as creating playlists, modifying a user's library, or accessing a user's playback information.The SpotifyOAuth flow involves a user authentication step where the user is redirected to the Spotify Accounts service to grant your application permission. Once the user grants access, your application receives an access token that can be used to make authorized API requests on behalf of the user. This access token is typically short-lived and needs to be refreshed periodically using a refresh token.The SpotifyOAuth flow provides a more comprehensive and flexible authorization mechanism as it allows your application to interact with user-specific resources and actions.In summary, SpotifyClientCredentials is used for server-to-server authentication, granting access to public resources, while SpotifyOAuth is used for user-specific authentication, enabling access to user-specific resources and actions. The choice between the two depends on the requirements of your application and the level of access you need to Spotify's resources.","Output Automator Pattern, Output Automator Pattern, Question Pattern, Output Automator Pattern, Output Automator Pattern, Template Pattern, Output Automator Pattern, Persona Pattern, Recipe Pattern, Output Automator Pattern, Simple Instruction Pattern, Question Pattern",163.7618286099865,Recipe Pattern
pull request,https://github.com/IararIV/karaok.ai/pull/1,IararIV,IararIV/karaok.ai,,1,"initial interface, incorrect credentials if we want to add to queue","already gets top k matches for tracks
to add to queue change credentials
see: https://chat.openai.com/share/d0ce9b4e-2063-439f-a7ba-cb754b263026",2023-07-16T12:34:50Z,2023-07-16T12:34:51Z,MERGED,840,0,35,1,https://chat.openai.com/share/d0ce9b4e-2063-439f-a7ba-cb754b263026,200,"July 16, 2023",Spotify Auth Flows,2,38,683,What is the difference between SpotifyClientCredentials vs SpotifyOAuth,"In the context of the Spotify API, SpotifyClientCredentials and SpotifyOAuth are two different authorization flows used to authenticate and authorize access to Spotify's resources.SpotifyClientCredentials:
SpotifyClientCredentials is a simple and straightforward authorization flow suitable for server-to-server authentication. It relies on client credentials, which consist of a client ID and a client secret. With this flow, you authenticate your application as a whole rather than authenticating individual users. The client ID and secret are obtained by registering your application with the Spotify Developer Dashboard. Once authenticated, your application can access public resources on Spotify, such as retrieving playlists or albums.However, with SpotifyClientCredentials, you don't have access to user-specific resources or actions, like modifying playlists or accessing a user's playback state. This flow is primarily used for applications that don't require individual user permissions and operate on public data.SpotifyOAuth:
SpotifyOAuth is an authorization flow that allows individual users to grant your application permission to access their Spotify account and perform actions on their behalf. It's commonly used for applications that require user-specific functionalities, such as creating playlists, modifying a user's library, or accessing a user's playback information.The SpotifyOAuth flow involves a user authentication step where the user is redirected to the Spotify Accounts service to grant your application permission. Once the user grants access, your application receives an access token that can be used to make authorized API requests on behalf of the user. This access token is typically short-lived and needs to be refreshed periodically using a refresh token.The SpotifyOAuth flow provides a more comprehensive and flexible authorization mechanism as it allows your application to interact with user-specific resources and actions.In summary, SpotifyClientCredentials is used for server-to-server authentication, granting access to public resources, while SpotifyOAuth is used for user-specific authentication, enabling access to user-specific resources and actions. The choice between the two depends on the requirements of your application and the level of access you need to Spotify's resources.","Output Automator Pattern, Output Automator Pattern, Question Pattern, Output Automator Pattern, Output Automator Pattern, Template Pattern, Output Automator Pattern, Persona Pattern, Recipe Pattern, Output Automator Pattern, Simple Instruction Pattern, Question Pattern",163.7618286099865,Output Automator Pattern
